,0,1,2,3,4,5,6,7,keras
0,48.35164835,0,0,0,1,455,578.5960913,0.01,-0.131121397018
1,48.13626374,0,0,0,1,455,544.5837599,0.010446755,-0.112024694681
2,46.67472527,0,0,0,1,455,494.1282842,0.010687507,-0.0809931159019
3,45.56263736,0,0,0,1,455,530.3124488,0.011066232,-0.0972843468189
4,81.34024896,0,0,0,1,964,182.7789067,0.011200856,-0.178554356098
5,44.42417582,0,0,0,1,455,489.9665829,0.011707029,-0.072380900383
6,76.74585062,0,0,0,1,964,66.49702819,0.012476656,-0.070209890604
7,43.77802198,0,0,0,1,455,384.3039912,0.012586715,-0.0412640012801
8,75.08609959,0,0,0,1,964,86.34850836,0.013166181,-0.0989868044853
9,44.72087912,0,0,0,1,455,374.5221033,0.014228988,-0.0431774891913
10,71.87759336,0,0,0,1,964,70.14076886,0.014312026,-0.0617307461798
11,45.43516484,0,0,0,1,455,375.6737092,0.014371232,-0.0458492822945
12,44.51648352,0,0,0,1,455,241.8509054,0.014840226,-0.0268527902663
13,45.92967033,0,0,0,1,455,421.6033593,0.016208289,-0.0538503564894
14,68.96161826,0,0,0,1,964,81.78582809,0.016280914,-0.0705480277538
15,45.43296703,0,0,0,1,455,404.6864001,0.017901307,-0.0491418577731
16,10.39620691,0,0,0,1,28051,609.2667193,0.03091306,-0.062871336937
17,10.148943,0,0,0,1,28051,702.6322893,0.034049924,-0.123048722744
18,11.2504367,0,0,0,1,28051,729.7478848,0.037687365,-0.141524165869
19,17.54433218,0,0,0,1,36125,23.26233877,0.090345202,0.17709928751
20,45.45274725,0,0,0,1,455,278.3159051,0.147297287,-0.0403476692736
21,84.16908714,0,0,0,1,964,181.3947591,0.010307129,-0.182660162449
22,10.96741649,0,0,0,1,28051,852.4577862,0.028146847,-0.217209041119
23,137.4926471,0,0,0,1,2040,353.0903308,0.028466553,-0.179522812366
24,10.68403978,0,0,0,1,28051,688.8215329,0.029723822,-0.114660054445
25,139.4514541,0,0,0,1,2235,56.76149624,0.050454055,-0.0493054427207
26,82.83506224,0,0,0,1,964,165.5537174,0.010594497,-0.177349403501
27,70.37863071,0,0,0,1,964,69.14311754,0.014820018,-0.0545468069613
28,12.00462918,0,0,0,1,51197,248.7893982,0.018711376,0.106882497668
29,85.06224066,0,0,0,1,964,204.3743053,0.02,-0.189763858914
30,130.879902,0,0,0,1,2040,451.2149623,0.025465573,-0.182851612568
31,38.89313166,100,0,0,2,4033,163.9780165,0.045902902,0.0576949380338
32,38.19067692,100,0,0,2,4033,173.305672,0.05246843,0.0305937342346
33,38.21671212,100,0,0,2,4033,155.5597251,0.05308802,0.0608196519315
34,121.4894855,0,0,0,1,2235,35.11074903,0.055658798,-0.048384103924
35,44.42846516,100,0,0,2,4033,103.6171967,0.079248255,0.265453398228
36,12.55012931,100,0,0,2,23200,68.69802908,0.163407724,-0.141580015421
37,12.61288793,100,0,0,2,23200,65.68084109,0.173640575,-0.132541075349
38,10.04615505,0,0,0,1,51197,467.9403125,0.010331718,0.0345994792879
39,16.69823639,0,0,0,1,33851,224.7383326,0.011347551,0.0988175570965
40,11.36382991,0,0,0,1,51197,343.8492495,0.031075131,0.0900281071663
41,12.15642936,100,0,0,2,28051,664.312997,0.04,-0.438934475183
42,142.0796421,0,0,0,1,2235,62.24690459,0.04047137,-0.0491309799254
43,38.26729482,0,0,0,1,4033,178.1216478,0.041595369,0.0345482043922
44,12.52780172,0,0,0,1,23200,207.4919517,0.052276936,0.111190676689
45,12.46409483,100,0,0,1,23200,190.7601074,0.055348874,-0.501339256763
46,40.93949913,0,0,0,1,4033,146.5493485,0.057380445,0.0233644507825
47,42.09025539,0,0,0,1,4033,135.3205585,0.061726344,0.0203626714647
48,117.0814318,0,0,0,1,2235,26.5404512,0.069707514,-0.0344480611384
49,17.8403045,0,0,0,1,36125,27.79757068,0.087279551,0.176414012909
50,12.5862069,100,0,0,2,23200,224.9687796,0.09,-0.380829036236
51,12.25198276,100,0,0,2,23200,120.1078122,0.135378747,-0.256684243679
52,12.46577586,0,0,0,1,23200,81.90366465,0.153957353,0.136931777
53,17.56416845,0,0,0,1,49035,1082.046561,0.007239259,-0.351584732533
54,78.19294606,0,0,0,1,964,81.2151655,0.011978864,-0.101165443659
55,73.45435685,0,0,0,1,964,69.40182364,0.013277802,-0.0652850866318
56,11.56641991,0,0,0,1,51197,277.6579255,0.016352272,0.0979356467724
57,9.188014688,100,0,0,2,28051,214.0950354,0.018282806,-0.409657418728
58,134.061745,0,0,0,1,2235,55.30182126,0.042038846,-0.0646913647652
59,38.60228118,100,0,0,2,4033,173.1731769,0.04374684,0.0373402647674
60,16.58562524,0,0,0,1,33851,228.8466711,0.010630886,0.096985116601
61,79.75414938,0,0,0,1,964,133.6215342,0.011664688,-0.159375548363
62,16.86210156,0,0,0,1,33851,242.6306315,0.012618089,0.0899097323418
63,38.43292834,0,0,0,1,4033,180.950374,0.02,0.0329388342798
64,16.51892115,0,0,0,1,33851,236.8058242,0.021106333,0.0939691364765
65,125.3759804,0,0,0,1,2040,455.5292788,0.02311808,-0.195982724428
66,134.5073529,0,0,0,1,2040,411.5823433,0.027007864,-0.171707808971
67,141.0539216,0,0,0,1,2040,358.4737377,0.029555009,-0.174626857042
68,144.966443,0,0,0,1,2235,65.85116712,0.03,-0.0428701080382
69,38.36325316,100,0,0,2,4033,161.1623503,0.042990299,0.0540450029075
70,39.84899578,0,0,0,1,4033,149.2257928,0.058295423,0.0276882313192
71,18.135391,0,0,0,1,36125,33.48277734,0.084941088,0.171780481935
72,10.17569389,0,0,0,1,51197,463.6399279,0.086160075,0.0363253615797
73,12.30051724,0,0,0,1,23200,107.1008861,0.013942686,0.125694692135
74,18.97607161,0,0,0,1,33851,100.8144286,0.016719159,0.129617288709
75,119.5892157,0,0,0,1,2040,508.3269411,0.020998327,-0.246897637844
76,122.6392157,0,0,0,1,2040,482.4541727,0.021931387,-0.222183287144
77,127.9838235,0,0,0,1,2040,432.4817028,0.02422739,-0.175606876612
78,128.6809843,0,0,0,1,2235,44.22559193,0.043998065,-0.0547421611845
79,12.31939655,100,0,0,2,23200,141.9710857,0.061554953,-0.29605820775
80,12.27043103,100,0,0,2,23200,128.2303877,0.064587164,-0.271754473448
81,43.2603521,0,0,0,1,4033,126.4083574,0.072135971,0.0161254666746
82,148.8764706,0,0,0,1,2040,229.7892904,0.076142615,-0.158625334501
83,17.23714879,100,0,0,2,36125,22.93014792,0.093124994,0.0936512798071
84,2.308977199,0,0,0,1,267667,380.2587331,0.095424967,0.145561367273
85,12.37599138,0,0,0,1,23200,97.6853806,0.145103858,0.129164457321
86,9.425047235,100,0,0,2,28051,266.4509855,0.017227884,-0.426138848066
87,19.66479572,0,0,0,1,33851,75.85007101,0.018110254,0.142089933157
88,16.48400343,0,0,0,1,33851,244.8008772,0.02,0.0897909253836
89,117.1568627,0,0,0,1,2040,527.6758607,0.02,-0.263563632965
90,131.3610738,0,0,0,1,2235,49.9263871,0.043043775,-0.0612868703902
91,119.2420582,0,0,0,1,2235,29.29066293,0.044986593,-0.0375336147845
92,136.7682327,0,0,0,1,2235,53.57380017,0.051181661,-0.0516704060137
93,12.39034483,100,0,0,2,23200,153.9607223,0.058707082,-0.313072860241
94,17.08537414,0,0,0,1,33851,209.5331894,0.012762242,0.103438720107
95,147.4352941,0,0,0,1,2040,240.0792155,0.017094984,-0.159632742405
96,11.0307891,0,0,0,1,69700,123.4038052,0.022903607,0.150830745697
97,144.679902,0,0,0,1,2040,268.0231232,0.031643472,-0.164769768715
98,9.90470928,0,0,0,1,28051,519.9000942,0.033213073,-0.00304082408547
99,26.61270445,0,0,0,1,17364,159.0247148,0.083339096,0.0859963446856
100,10.4167627,0,0,0,1,51197,449.3827916,0.089267337,0.042284604162
101,10.92939039,0,0,0,1,51197,472.1080169,0.097639064,0.0317392610013
102,2.01789537,100,0,0,2,267667,189.1536132,0.131560989,-0.212022125721
103,10.66044476,0,0,0,1,69700,147.3467825,0.020052921,0.144007578492
104,11.82767103,100,0,0,3,28051,655.1386174,0.035219721,-0.0442525185645
105,126.2263982,0,0,0,1,2235,29.33445451,0.055537851,-0.0227994658053
106,20.42411073,100,0,0,2,36125,37.27708811,0.064611525,0.0954751372337
107,25.03579379,0,0,0,1,28748,216.9430813,0.014727331,0.073425874114
108,9.454418938,0,0,0,1,69700,323.434702,0.027332361,0.103054374456
109,9.663113614,0,0,0,1,28051,344.1751553,0.038096471,0.0818539559841
110,9.284175036,50,0,0,2,69700,286.0728284,0.046814119,-0.309355348349
111,10.71129168,0,0,0,1,51197,446.7523901,0.09497942,0.0430690012872
112,9.240731707,0,0,0,1,69700,312.0653256,0.010403368,0.105078756809
113,9.091162438,0,0,0,1,110879,379.4845035,0.010419753,0.099352568388
114,24.96534344,0,0,0,1,30355,118.2634512,0.052080503,0.112828403711
115,123.8250559,0,0,0,1,2235,40.33558805,0.055693061,-0.057046238333
116,26.6087883,0,0,0,1,17364,226.79875,0.120346078,0.0590962283313
117,1.147014938,0,0,0,1,581730,313.4430356,0.126524154,0.225638508797
118,1.155606553,0,0,0,1,581730,321.6619418,0.13831836,0.22080732882
119,25.04645034,0,0,0,1,30355,129.1489913,0.045443889,0.1076682657
120,21.28719723,0,0,0,1,36125,38.28383796,0.06,0.167633533478
121,27.68642018,0,0,0,1,17364,252.1159598,0.068103296,0.0460212044418
122,24.99815516,0,0,0,1,30355,69.16958692,0.091605272,0.138423487544
123,63.07534307,0,0,0,1,11295,29.95689555,0.11807845,0.0465327464044
124,26.50915688,0,0,0,1,17364,189.6948836,0.122075916,0.0782211720943
125,9.922456394,0,0,0,1,51197,475.7989113,0.01,0.0315988026559
126,10.29476327,0,0,0,1,69700,189.9287495,0.02402378,0.145514085889
127,9.203773314,0,0,0,1,69700,302.6006332,0.03254096,0.105335831642
128,25.37173448,0,0,0,1,30355,109.2908208,0.051236602,0.115508764982
129,25.12587712,0,0,0,1,30355,114.1632945,0.055442392,0.114029288292
130,9.369440459,50,0,0,2,69700,327.6879033,0.049819605,-0.28576374054
131,27.98894264,0,0,0,1,17364,252.4522764,0.07,0.0450254790485
132,26.52793135,0,0,0,1,17364,179.6171093,0.0772939,0.0824071317911
133,24.97295338,0,0,0,1,30355,73.18010257,0.084983202,0.136327087879
134,1.263472745,0,0,0,1,581730,401.8972272,0.09,0.162204369903
135,18.41384302,0,0,0,1,33851,134.2654473,0.011042359,0.11772467196
136,24.99367485,0,0,0,1,30355,146.3192356,0.048407913,0.100032493472
137,20.8264083,0,0,0,1,36125,37.69263095,0.062580681,0.168352782726
138,27.47552407,0,0,0,1,17364,247.8964248,0.068577539,0.0477506928146
139,18.77450519,100,0,0,2,36125,34.73659589,0.069518198,0.0768876969814
140,1.166077046,0,0,0,1,581730,378.7810324,0.102475534,0.179921537638
141,9.397417504,0,0,0,1,69700,319.5060691,0.01,0.103985518217
142,19.17732872,100,0,0,2,36125,35.98244453,0.063909605,0.0792304128408
143,18.44370934,0,0,0,1,36125,35.1993739,0.083615747,0.1704005301
144,25.06239499,0,0,0,1,30355,52.39509813,0.097739287,0.14967790246
145,1.140671789,0,0,0,1,581730,267.0728527,0.134814041,0.269696295261
146,2.048097076,100,0,0,2,267667,207.7059978,0.14879118,-0.235507130623
147,1.137381603,0,0,0,1,581730,299.6253778,0.162259869,0.233797132969
148,0.979041408,0,0,0,1,824292,262.1740642,0.18012517,0.26002201438
149,13.62030026,0,0,0,1,238391,423.8460885,0.008787865,0.0960781872272
150,18.65222069,0,0,0,1,29743,167.3594219,0.010124476,0.106920152903
151,25.59710097,0,0,0,1,30355,107.4962947,0.04,0.116072833538
152,26.87635337,0,0,0,1,17364,270.4379511,0.079736471,0.0493074171245
153,26.68924211,0,0,0,1,17364,250.4343766,0.081689307,0.0494892559946
154,60.96396636,0,0,0,1,11295,24.31759774,0.085187878,0.0607812069356
155,1.211780379,0,0,0,1,581730,396.6018688,0.093484357,0.166160658002
156,24.6330254,0,0,0,1,86600,149.7308675,0.017551343,0.130569145083
157,27.06692006,0,0,0,1,17364,267.4128435,0.076151209,0.048499699682
158,58.85993803,100,0,0,2,11295,21.52090965,0.086004085,0.822564303875
159,24.9637292,0,0,0,1,30355,84.22241294,0.111149816,0.130219936371
160,18.10598394,0,0,0,1,77474,304.7540901,0.016666793,0.0988452732563
161,9.219825215,0,0,0,1,110879,300.386581,0.016874068,0.123971149325
162,19.59008997,100,0,0,2,36125,37.26439469,0.065583497,0.0817431211472
163,3.156799836,0,0,0,1,488100,129.3440662,0.077449696,0.370439916849
164,24.00951501,0,0,0,1,86600,432.418509,0.030142376,0.0311548672616
165,1.179323741,61,0,0,1,581730,384.1322268,0.108438862,-0.00944416597486
166,18.86158088,0,0,0,1,29743,172.2184216,0.01,0.10578212142
167,19.90404465,0,0,0,1,29743,127.0059316,0.012557424,0.116167873144
168,1.194834373,0,0,0,1,581730,427.5167759,0.103822196,0.14774620533
169,18.23069881,0,0,0,1,143100,23.16019317,0.145278607,0.222497075796
170,2.080069639,0,0,0,1,267667,246.7517927,0.176727452,0.232915833592
171,19.12745856,0,0,0,1,29743,158.9801968,0.011026044,0.107493057847
172,17.63129566,0,0,0,1,77474,373.1608489,0.015091754,0.0720365941525
173,25.23561193,0,0,0,1,30355,105.1127528,0.053969282,0.117953658104
174,65.19725542,0,0,0,1,11295,36.18793869,0.113045219,0.0307772420347
175,26.5438839,0,0,0,1,17364,214.4853543,0.120886114,0.0646981298923
176,17.10720218,100,0,0,2,111369,46.82489573,0.223620874,0.125814795494
177,24.26317552,0,0,0,1,86600,471.4143956,0.029396227,0.019143845886
178,67.33855688,0,0,0,1,11295,32.14718961,0.06526701,0.0336525402963
179,1.244481117,0,0,0,1,581730,398.0445281,0.092115779,0.165033504367
180,25.17684072,0,0,0,1,30355,44.73430538,0.104142525,0.157342195511
181,16.82198817,100,0,0,2,111369,46.27042196,0.22055735,0.12244528532
182,18.86356454,0,0,0,1,29743,161.5523856,0.010501637,0.107528120279
183,24.09608545,0,0,0,1,86600,192.3844097,0.013827622,0.119252979755
184,25.20586605,0,0,0,1,86600,121.8905757,0.02406597,0.141103565693
185,2.182831653,0,0,0,1,267667,319.7359376,0.096283961,0.17814218998
186,2.266749356,100,0,0,1,267667,343.241976,0.099025848,-0.346914678812
187,25.3926097,0,0,0,1,86600,547.5582817,0.01,-0.0330866612494
188,3.115316533,0,0,0,1,488100,115.347367,0.096288081,0.371611505747
189,18.23949686,0,0,0,1,143100,19.96296132,0.156873626,0.222039207816
190,9.431542492,0,0,0,1,110879,274.9733732,0.018685137,0.134872674942
191,14.21710132,0,0,0,1,238391,255.2853935,0.024298133,0.190265581012
192,79.07171315,100,0,0,2,11295,30.72368182,0.051263949,1.17578566074
193,71.89455511,100,0,0,2,11295,32.26657498,0.055022515,1.03632891178
194,27.26670122,0,0,0,1,17364,272.6272312,0.071440984,0.0481135360897
195,7.996664183,0,0,0,1,199951,37.0517337,0.016005354,0.250531882048
196,3.178653964,0,0,0,1,488100,126.9808465,0.087562658,0.370384216309
197,19.46431093,0,0,0,1,29743,149.9280612,0.011527504,0.108447805047
198,2.224756881,100,0,0,2,267667,352.9971709,0.102537665,-0.275000452995
199,1.137321438,0,0,0,1,581730,263.3444626,0.147494967,0.274073839188
200,1.057609439,0,0,0,1,824292,470.0441448,0.154654363,0.129058867693
201,1.228709195,0,0,0,1,581730,385.314097,0.089841115,0.174695655704
202,3.087856997,0,0,0,1,488100,186.7162285,0.033542441,0.351928412914
203,11.53702185,200,0,0,2,28051,663.0542294,0.038854874,-0.196973562241
204,83.9309429,0,0,0,1,11295,30.06064451,0.05,-0.00484216585755
205,3.026635935,100,0,0,2,488100,133.3628234,0.054187448,0.233236983418
206,2.147803054,0,0,0,1,267667,276.3458229,0.138831296,0.209630727768
207,1.094451966,0,0,0,1,824292,532.4094615,0.140408607,0.0894515812397
208,24.42257506,0,0,0,1,86600,507.9900522,0.009703867,-0.00432342663407
209,3.057979922,0,0,0,1,488100,165.9816261,0.049294657,0.363869011402
210,20.00916263,100,0,0,2,36125,40.45593686,0.065710335,0.0785691142082
211,3.010784675,100,0,0,2,488100,113.4061784,0.1204395,0.279794067144
212,2.113510444,0,0,0,1,267667,266.8573216,0.147953458,0.216766402125
213,3.107187052,0,0,0,1,488100,208.7803289,0.021149722,0.328853398561
214,1.039923959,0,0,0,1,824292,467.8989327,0.150678219,0.130541533232
215,8.024230937,0,0,0,1,199951,27.98573378,0.016827094,0.249095603824
216,1.076231481,0,0,0,1,824292,499.0156838,0.146072341,0.110158383846
217,76.69641434,100,0,0,2,11295,30.98856445,0.0510332,1.13131272793
218,1.11610934,0,0,0,1,824292,557.7631339,0.14,0.0728449821472
219,1.002332911,0,0,0,1,824292,332.0467954,0.202162085,0.210565730929
220,7.978394707,0,0,0,1,199951,50.10047587,0.013050915,0.247382894158
221,23.60946882,0,0,0,1,86600,358.2574,0.032854683,0.0641967356205
222,3.130506044,0,0,0,1,488100,233.0776315,0.02,0.298380404711
223,13.87751635,0,0,0,1,238391,294.1443445,0.0202034,0.165886193514
224,23.73307159,0,0,0,1,86600,399.4974288,0.031988214,0.0430850945413
225,285.9651125,0,0,0,1,6220,0.0,0.051353885,1.27533328533
226,74.29508632,100,0,0,2,11295,30.91778552,0.052665068,1.08667612076
227,1.309000679,0,0,0,1,1030700,30.08652511,0.182563166,0.576116919518
228,18.30454228,0,0,0,1,143100,27.99867389,0.108972683,0.222955644131
229,69.51199646,100,0,0,2,11295,32.33065903,0.052059691,0.990735054016
230,38.1064678,100,0,0,2,71740,91.67405583,0.241843595,0.303132861853
231,2.351268554,100,0,0,2,267667,321.3300907,0.092758954,-0.26225310564
232,2.435862471,100,0,0,2,267667,332.4451457,0.35,-0.263567060232
233,81.40717131,0,0,0,1,11295,30.43898026,0.049942811,0.00129925832152
234,1.013847035,0,0,0,1,824292,405.6410996,0.153225828,0.164229303598
235,291.6398714,0,0,0,1,6220,0.0,0.24,1.32812726498
236,15.73126701,0,0,0,1,117600,9.84547663,0.24817614,0.210838332772
237,9.061750129,0,0,0,1,199951,81.5662616,0.010595621,0.237158894539
238,1.340026196,0,0,0,1,1030700,35.65529516,0.177898123,0.570732295513
239,1.276455807,100,0,0,2,1030700,29.1300942,0.260918873,1.26055371761
240,1.371156373,0,0,0,1,2724900,194.0174652,0.094159554,0.274257868528
241,1.369333187,0,0,0,1,2724900,149.9936613,0.106306657,0.449609398842
242,16.53185357,100,0,0,2,111369,41.93196548,0.220702255,0.131616100669
243,15.4055168,100,0,0,2,111369,38.75852667,0.237165842,0.121375322342
244,6.937581888,0,0,0,1,207600,304.9891938,0.009910364,0.166152387857
245,1.369891336,0,0,0,1,1030700,38.09228463,0.177555099,0.568295240402
246,9.355117004,0,0,0,1,199951,86.07540469,0.010301642,0.236419051886
247,1.608615504,100,0,0,2,1030700,52.89838636,0.18,1.17967522144
248,1.550503541,100,0,0,2,1030700,48.83750877,0.180138535,1.19362366199
249,1.579211216,0,0,0,1,1030700,50.68345199,0.18088196,0.55515730381
250,1.459760357,200,0,0,2,1030700,39.91531539,0.194276971,1.76080560684
251,14.33684418,0,0,0,1,111369,27.3681863,0.376088779,0.209286153316
252,1.376695659,0,0,0,1,2724900,212.1006733,0.008519171,0.233206570148
253,42.48505767,100,0,0,2,56785,19.58650912,0.127668018,0.60926502943
254,129.3251527,0,0,0,1,27830,13.85306615,0.205110659,0.0474514625967
255,15.35964286,0,0,0,1,117600,9.28247988,0.161014522,0.210630714893
256,19.15271139,100,0,0,2,143100,50.15923244,0.161686549,0.205196037889
257,15.84158069,200,0,0,2,111369,42.33896688,0.23246644,0.680735468864
258,4.300385965,100,0,0,2,342000,42.08005738,0.270835273,0.282060921192
259,16.21375787,100,0,0,2,111369,42.15033703,0.227489568,0.124900713563
260,12.719949,100,0,0,2,111369,13.32028665,0.412280888,0.177071601152
261,13.73788038,0,0,0,1,111369,21.47472033,0.394040167,0.20833145082
262,17.68239024,149,0,0,2,117600,18.81139232,0.141788344,0.495685994625
263,1.520927525,100,0,0,2,1030700,47.46707483,0.187985202,1.19810116291
264,1.025010555,100,0,0,1,824292,486.4689706,0.157780627,-0.0721075981855
265,32.08840256,0,0,0,1,71740,38.39062028,0.359985405,0.164939418435
266,14.91230953,100,0,0,2,111369,43.49805311,0.368840752,0.097861751914
267,4.060889072,0,0,0,1,2381741,100.3561074,0.109920437,0.618661820889
268,3.001528129,100,0,0,2,622984,12.53258889,0.531075696,0.806606113911
269,2.393077966,100,0,0,2,267667,330.3269443,0.090909569,-0.263180911541
270,18.46897369,0,0,0,1,117600,25.20042878,0.147758042,0.212486252189
271,5.318450292,100,0,0,2,342000,126.8917412,0.138488371,0.0867243409157
272,44.71393854,0,0,0,1,56785,23.73468488,0.265825963,0.127866178751
273,179.960618,0,0,0,1,27830,23.15758627,0.087850158,0.288863033056
274,19.50167715,100,0,0,2,143100,61.18867071,0.151070063,0.175618216395
275,18.07140282,100,0,0,2,117600,20.75363693,0.151689488,0.250991940498
276,8.500767688,100,0,0,2,199951,81.66090544,0.012150235,0.0139448605478
277,9.647363604,0,0,0,1,199951,91.63458943,0.01,0.234921514988
278,1.428319589,200,0,0,2,1030700,39.60878015,0.18971966,1.76123440266
279,14.96477041,100,0,0,2,117600,7.77815813,0.16040665,0.249473512173
280,32.98352384,0,0,0,1,71740,40.50631771,0.41719276,0.161755234003
281,8.165180469,100,0,0,2,199951,58.27948099,0.03897042,0.0747308433056
282,8.29126636,100,0,0,2,199951,69.08178594,0.04863588,0.0429505519569
283,18.87529111,0,0,0,1,117600,27.57125113,0.143956425,0.212704241276
284,20.24733054,100,0,0,1,143100,76.39130143,0.14442335,-0.347883492708
285,38.65347087,100,0,0,2,71740,100.796707,0.24,0.289254009724
286,32.34362736,100,0,0,2,112622,25.21299773,0.322629846,0.504092335701
287,13.18677549,0,0,0,1,111369,18.42372745,0.383225376,0.208080112934
288,16.88653061,100,0,0,2,117600,14.62766471,0.143695529,0.254043102264
289,17.41059002,100,0,0,2,111369,48.43816954,0.22,0.126040413976
290,45.85628247,0,0,0,1,56785,29.919543,0.262027534,0.116522490978
291,4.024203303,0,0,0,1,2381741,116.3397202,0.039907325,0.543233573437
292,31.02478394,100,0,0,2,71740,39.31161327,0.378807694,0.347640275955
293,1.063914432,100,0,0,2,1759540,372.2579658,0.61,0.970956206322
294,1.399181139,0,0,0,1,1030700,39.60779267,0.183232865,0.566676855087
295,4.864020468,0,0,0,1,342000,55.01432043,0.180197119,0.313684791327
296,37.55418177,100,0,0,2,71740,85.90729075,0.190117106,0.30971083045
297,43.59299111,0,0,0,1,56785,21.34110357,0.163033688,0.132924050093
298,50.2184008,0,0,0,1,118484,17.72507053,0.312610663,0.172470882535
299,48.21518007,100,0,0,2,56785,26.64986683,0.151127925,0.692421197891
300,132.7418972,0,0,0,1,27830,17.80375176,0.114847418,0.0462207458913
301,17.3017517,100,0,0,2,117600,16.66539605,0.143019949,0.253178536892
302,4.567622807,55,0,0,3,342000,57.33356376,0.196339633,1.24226200581
303,1.720185695,0,0,0,1,2724900,587.4756067,0.010087416,0.149098485708
304,49.46987761,100,0,0,2,56785,29.79840168,0.157087829,0.704340219498
305,4.71595614,53,0,0,3,342000,64.51657847,0.188783462,1.21671187878
306,1.49063549,100,0,0,2,1030700,43.12123478,0.196701244,1.21372449398
307,33.7294257,0,0,0,1,71740,46.70065044,0.397882041,0.155851468444
308,17.69646583,0,0,0,1,245857,8.94533392,0.201974645,0.269828468561
309,8.77281434,50,0,0,2,199951,85.26070729,0.010996496,-0.0806421041489
310,21.20894479,0,0,0,1,143100,91.54527957,0.03,0.190292403102
311,52.94826306,0,0,0,1,118484,25.1662094,0.314263673,0.153877735138
312,14.3287158,0,0,0,1,390757,16.21371054,0.345512882,0.334292531013
313,3.071804412,100,0,0,2,622984,15.45450474,0.492501823,0.797269999981
314,5.903508772,100,0,0,2,342000,206.0137368,0.14,-0.0763078629971
315,16.09694728,0,0,0,1,117600,11.31124213,0.024995204,0.211202844977
316,140.5571326,0,0,0,1,27830,14.36007705,0.191966161,0.079625159502
317,33.27739696,100,0,0,2,112622,26.47099281,0.215638682,0.51682806015
318,4.427520468,90,0,0,2,342000,50.8906731,0.17891658,0.217271521688
319,3.037538685,100,0,0,2,622984,15.5874302,0.518170677,0.796055078506
320,16.33152008,0,0,0,1,163610,324.1580196,0.02,0.123270004988
321,136.4882501,0,0,0,1,27830,15.97060537,0.198785132,0.0618889890611
322,30.19850686,20,0,0,2,89342,358.1499404,0.220229474,-0.0864818692207
323,144.546169,0,0,0,1,26338,19.58341557,0.228585834,0.0801841616631
324,0.988254162,0,0,0,1,824292,293.4326367,0.2081118,0.227949649096
325,54.3345954,0,0,0,1,56785,33.91902276,0.145127726,0.0905730426311
326,19.86570231,50,0,0,2,143100,70.80293492,0.15338875,0.0229186527431
327,1.538888033,100,0,0,2,2724900,521.6400628,0.011282414,1.24502766132
328,5.165418129,100,0,0,3,342000,96.35010667,0.142587287,1.33944046497
329,16.47896259,100,0,0,2,117600,13.34631705,0.267513888,0.251935809851
330,50.71864049,100,0,0,2,56785,29.66658106,0.151123277,0.728080093861
331,1.778413887,0,0,0,1,2724900,624.7291731,0.01,0.152245044708
332,167.2859145,0,0,0,1,27830,20.85880811,0.085564402,0.196721255779
333,55.52522673,0,0,0,1,56785,35.37285395,0.14,0.0853747725487
334,14.14432243,0,0,0,1,390757,17.80401666,0.2851551,0.333777844906
335,1.657976806,0,0,0,1,2724900,538.7827771,0.010168383,0.143706977367
336,1.595806085,0,0,0,1,2724900,582.0976506,0.010626736,0.148271799088
337,4.021373441,0,0,0,1,2381741,206.4084034,0.037185619,0.200596392155
338,19.29054751,0,0,0,2,117600,30.15996841,0.11,0.180690422654
339,147.3807047,0,0,0,1,26338,33.74981477,0.207880099,0.0551120005548
340,4.010834931,0,0,0,1,2381741,150.5470392,0.038185752,0.391714274883
341,18.49683952,0,0,0,1,447400,35.62839039,0.065456666,0.352626025677
342,155.3736615,100,0,0,2,27830,20.77401252,0.09075208,2.22612547874
343,47.02467201,100,0,0,2,56785,33.75042354,0.193583213,0.64249765873
344,173.5134387,0,0,0,1,27830,21.55325396,0.082755565,0.242955386639
345,36.6648701,100,0,0,2,112622,34.14297248,0.194677993,0.551111698151
346,2.790330089,0,0,0,1,622984,16.34316897,0.498099395,0.444130927324
347,4.055781044,0,0,0,1,2381741,207.7212083,0.036942881,0.198633909225
348,18.34052302,0,0,0,1,447400,48.75463179,0.060797847,0.34334051609
349,1.49018753,110,0,0,2,2724900,460.5548137,0.083113597,1.44826591015
350,51.52842578,0,0,0,1,118484,21.37583068,0.298331739,0.16375207901
351,0.994124655,100,0,0,1,824292,285.9816247,0.201368696,-0.0497117899358
352,7.897764869,0,0,0,1,752618,48.1756618,0.681513891,0.48152756691
353,5.466523392,100,0,0,2,342000,163.3065573,0.145503451,4.07956540585e-05
354,30.59031586,100,0,0,2,89342,361.5252786,0.35,-0.131698265672
355,12.04362756,0,0,0,1,799380,21.38531197,1.565005198,0.529050111771
356,18.75255476,0,0,0,1,447400,28.19646782,0.071514828,0.359797894955
357,18.10159564,0,0,0,1,245857,12.5343166,0.174311474,0.267718672752
358,37.5410577,200,0,0,2,112622,40.01989767,0.202425638,1.07181441784
359,14.56516198,100,0,0,2,390757,37.20702422,0.401628013,0.575535714626
360,135.4807692,30,0,0,2,10400,543.166704,0.43,0.205289304256
361,156.6774622,0,0,0,1,26338,37.68590756,0.445292236,0.087804287672
362,5.021223327,0,0,0,1,1240192,30.1553627,0.310509827,0.66363543272
363,134.9779808,33,0,0,2,10400,557.6779226,0.411799146,0.193995296955
364,5.612824561,100,0,0,2,342000,161.6386006,0.137240782,0.00653037056327
365,13.92403975,0,0,0,1,390757,28.52517713,0.149843541,0.331088006496
366,29.6385051,100,0,0,2,196722,47.75251607,0.357496675,0.520091712475
367,10.89967691,0,0,0,1,603550,196.1136581,0.02376446,0.349897921085
368,7.674284963,0,0,0,1,752618,62.92278027,0.803256699,0.474141597748
369,161.2678405,89,0,0,1,27830,20.34701459,0.08828374,0.868416905403
370,5.759298246,100,0,0,2,342000,182.9634566,0.135661385,-0.0389797724783
371,34.17168049,100,0,0,2,112622,28.77488754,0.254902585,0.52480494976
372,57.57717498,0,0,0,1,118484,36.71748149,0.184859415,0.12327426672
373,10.84017894,100,0,0,2,603550,311.1603512,0.038341087,0.189905717969
374,151.5785177,0,0,0,1,26338,33.81060938,0.491134823,0.072474271059
375,10.7706205,100,0,0,2,603550,289.7057493,0.039038676,0.2080013901
376,18.52504911,0,0,0,1,245857,13.8889073,0.166568242,0.267001420259
377,63.91679045,0,0,0,1,118484,29.01885819,0.183247969,0.123966038227
378,20.64898672,100,0,0,2,143100,83.78094601,0.031798782,0.132079169154
379,11.11453566,0,0,0,1,603550,148.1186711,0.011513845,0.398299247026
380,4.11409259,0,0,0,1,2381741,228.915952,0.05977431,0.169183939695
381,13.20909705,100,0,0,1,799380,23.61134593,0.325041166,0.334122747183
382,2.964369871,100,0,0,2,622984,17.01594078,0.333645938,0.78966075182
383,3.986804517,100,0,0,2,1284000,23.65236357,0.373312034,1.63556873798
384,10.69435507,0,0,0,1,603550,250.5780888,0.00998782,0.270579069853
385,170.002316,100,0,0,2,26338,46.79306593,0.134634183,2.28577208519
386,65.61121333,0,0,0,1,118484,27.67652052,0.181574687,0.123103201389
387,186.8487244,0,0,0,1,27830,23.99995436,0.06,0.341209918261
388,35.03085543,100,0,0,2,112622,31.01526554,0.245161239,0.532228946686
389,5.39073466,3,0,0,3,1240192,41.3864041,0.292414139,2.12620329857
390,12.82869974,0,0,0,1,799380,21.41411052,0.343999046,0.531827867031
391,11.43264518,0,0,0,1,603550,118.3073894,0.012820299,0.40582498908
392,149.5298958,100,0,0,2,27830,18.9457458,0.083161583,2.17326688766
393,2.71815488,100,0,0,2,622984,14.28373981,0.259607822,0.794143140316
394,14.01050269,0,0,0,1,390757,21.24877429,0.166618761,0.332595288754
395,53.16111649,100,0,0,2,56785,33.89092289,0.150644943,0.758865535259
396,10.95001905,0,0,0,1,603550,202.6585798,0.038102819,0.338125705719
397,2.891512463,100,0,0,2,622984,17.41374391,0.490001219,0.786848783493
398,17.31030233,100,0,0,2,245857,8.57058119,0.196726992,0.501003921032
399,7.043771117,100,0,0,3,644329,25.4161842,0.540231034,2.0250184536
400,2.825027609,100,0,0,2,622984,19.96737755,0.486474084,0.776899695396
401,20.23692445,0,0,0,1,447400,145.3887066,0.03,0.323033004999
402,12.44107558,0,0,0,1,799380,21.25979085,0.334928057,0.530435919762
403,5.20471427,0,0,0,1,1240192,36.20940436,0.302160712,0.654357552528
404,2.927457206,100,0,0,2,622984,18.08817508,0.337310834,0.785301685333
405,3.11564984,130,0,0,2,622984,15.0626569,0.73,0.944060325623
406,178.3479763,0,0,0,1,26338,52.48366269,0.123678464,0.2110003829
407,18.5515266,100,0,0,2,447400,75.74480851,0.156822869,0.632558882236
408,21.34050688,100,0,0,2,245857,30.46022073,0.184863092,0.494855523109
409,21.81221198,100,0,0,2,245857,33.24100375,0.187139344,0.494343459606
410,59.17466493,0,0,0,1,118484,43.14118238,0.189103866,0.107948988676
411,23.47252371,0,0,0,1,274200,27.65285018,0.486953366,0.273876905441
412,35.86135036,100,0,0,2,112622,31.80955051,0.24457363,0.544812679291
413,54.45937004,0,0,0,1,118484,32.90348873,0.295243191,0.136750400066
414,22.75948578,100,0,0,2,274200,27.97832335,0.439171121,0.583792567253
415,25.89579203,0,0,0,1,196722,43.99963477,0.47982953,0.238070785999
416,7.465116826,100,0,0,2,637657,0.0,0.526282094,0.969799757004
417,38.38018327,100,0,0,2,112622,36.45471795,0.206493059,0.574595212936
418,5.576073705,100,0,0,2,1240192,41.78486175,0.286422573,1.55190336704
419,165.9166983,100,0,0,2,26338,43.78889493,0.144322567,2.25426864624
420,51.95303337,100,0,0,2,56785,32.14176626,0.158169423,0.742124021053
421,25.25250862,100,0,0,2,196722,41.37262946,0.287787406,0.451088041067
422,11.16795792,0,0,0,1,603550,203.3831701,0.052035934,0.336307436228
423,30.60778154,100,0,0,2,196722,43.94271385,0.357922387,0.553981840611
424,7.020092307,100,0,0,2,637657,0.0,0.32910695,0.960036695004
425,62.29797272,0,0,0,1,118484,26.29449749,0.191481404,0.132356315851
426,4.120469626,100,0,0,2,1284000,26.8162198,0.364079422,1.62613451481
427,2.858712262,100,0,0,2,622984,16.25205752,0.431350753,0.790132343769
428,39.96688036,100,0,0,2,112622,37.88944806,0.18514296,0.599333822727
429,60.73533979,0,0,0,1,118484,32.56114954,0.198766678,0.12403523922
430,7.166638177,100,0,0,2,637657,0.0,0.265961304,0.963251709938
431,3.84738162,100,0,0,2,1284000,25.81473846,0.47385844,1.62321937084
432,36.84386227,0,0,0,1,238533,43.11005603,0.835418384,0.229125767946
433,36.05526699,100,0,0,2,238533,36.03047454,0.892518682,0.773463964462
434,173.2360847,100,0,0,1,26338,51.24153914,0.13707366,0.986009180546
435,36.37847784,100,0,0,2,71740,70.44623022,0.226909893,0.336055129766
436,34.99863396,200,0,0,2,71740,46.0607999,0.247091742,0.942694664001
437,37.5907233,0,0,0,1,238533,58.24894864,0.817589264,0.20952552557
438,144.9128279,0,0,0,1,27830,13.53159243,0.148040951,0.0983516871929
439,175.8576581,0,0,0,1,26338,52.20386055,0.132139083,0.192063331604
440,5.757856042,121,0,0,2,1240192,39.46097264,0.265501146,1.71667051315
441,36.98157234,100,0,0,2,71740,92.4048297,0.197849373,0.280538707972
442,7.326572123,100,0,0,2,637657,0.0,0.270115517,0.966760456562
443,4.841673709,100,0,0,2,1240192,26.98479434,0.297113894,1.59610533714
444,2.754812323,0,0,0,1,622984,14.24307254,0.353456654,0.445672124624
445,19.6170295,0,0,0,1,447400,124.1090975,0.034542585,0.329890370369
446,18.96100172,100,0,0,2,245857,16.55630561,0.16952513,0.500741779804
447,35.72344578,100,0,0,2,71740,59.4716366,0.248276114,0.361661553383
448,24.19828592,0,0,0,1,274200,31.47041295,0.476689383,0.271391153336
449,13.96330239,0,0,0,1,587041,13.85850308,0.511253925,0.44363155961
450,7.461389443,0,0,0,1,752618,52.27383468,0.798494925,0.478364765644
451,19.95176576,0,0,0,1,447400,133.7813903,0.032200202,0.32674446702
452,14.29473921,0,0,0,1,587041,14.97740312,0.486293473,0.442945301533
453,180.9553497,0,0,0,1,26338,55.35218714,0.115204889,0.225248992443
454,25.21661719,0,0,0,1,783562,555.0619599,0.011746168,0.0645071566105
455,8.869550024,8,0,0,2,752618,70.52581827,0.396771657,0.607283771038
456,8.620928545,0,0,0,1,752618,64.17510388,0.402861521,0.474749445915
457,16.22441824,0,0,0,1,390757,57.71045218,0.249501629,0.325885236263
458,34.68854526,0,0,0,2,196722,50.34927789,0.28,0.352856099606
459,6.857191249,100,0,0,3,637657,0.0,0.298525345,2.10167980194
460,39.1866154,100,0,0,2,112622,36.95635544,0.194938987,0.588017582893
461,56.0129469,0,0,0,1,118484,35.73054653,0.278894528,0.128344506025
462,14.85341529,0,0,0,1,390757,36.36279411,0.308487319,0.328448593616
463,4.752957186,0,0,0,1,2381741,392.5307675,0.030948993,0.1189853549
464,4.223245517,0,0,0,1,2381741,286.968847,0.03481519,0.122384801507
465,14.62543502,0,0,0,1,587041,18.89269829,0.600977045,0.43932685256
466,183.0814792,0,0,0,1,26338,57.66484559,0.11,0.236476182938
467,14.95321451,0,0,0,1,587041,21.23692989,0.566132238,0.437338918447
468,27.94475453,0,0,0,1,196722,48.95968683,0.344836979,0.229261979461
469,6.682410763,100,0,0,3,637657,0.0,0.500436103,2.09761381149
470,15.47257503,100,0,0,1,390757,57.25376348,0.255828402,-0.0953460037708
471,33.65605779,100,1,1,2,196722,49.64573428,0.336015916,0.817833304405
472,6.506416459,100,0,0,3,637657,0.0,0.505253454,2.09358644485
473,20.37369284,100,0,0,2,245857,26.27447832,0.187674364,0.490972548723
474,34.38314748,100,0,0,2,71740,57.07346535,0.386206315,0.344872891903
475,6.904043475,100,0,0,3,1246700,64.68519176,3.622500824,2.65859866142
476,161.6737034,0,0,0,1,26338,38.14104042,0.305231613,0.112861990929
477,8.131603283,0,0,0,1,752618,66.53854373,0.637565359,0.473489522934
478,4.47150005,0,0,0,1,2381741,345.6537041,0.032973883,0.114407792687
479,11.27329964,100,0,0,2,603550,197.3694528,0.05,0.382400780916
480,32.66455201,100,0,0,2,196722,49.53139304,0.351252177,0.576974213123
481,24.74772386,0,0,0,1,783562,447.2412137,0.088948926,0.132595330477
482,17.28675543,35,0,0,2,475440,45.23234431,0.486576879,0.541376173496
483,4.610821664,0,0,0,1,2381741,361.7291743,0.031842007,0.115257412195
484,24.98420929,0,0,0,1,783562,557.4656617,0.012331041,0.0630313456059
485,19.32696692,50,0,0,1,447400,123.4871552,0.049689281,0.0511761419475
486,67.28334627,0,0,0,1,118484,25.86832833,0.18,0.122633069754
487,16.61082975,0,0,0,1,390757,61.81113777,0.249156504,0.325251996517
488,24.78976903,0,0,0,1,783562,386.1940968,0.101969124,0.157976284623
489,40.72705155,100,0,0,2,112622,39.10542757,0.184459157,0.609212994576
490,17.6660546,25,0,0,2,475440,50.94214029,0.432422896,0.521263301373
491,18.41719881,100,0,0,2,475440,59.05103438,0.565311306,0.728669583797
492,41.72807117,100,0,0,2,238533,78.6432553,0.406220387,0.737281739712
493,18.93063031,100,0,0,2,447400,90.90451018,0.087440668,0.59195715189
494,15.14089319,0,0,0,1,390757,48.46958014,0.27741406,0.327957391739
495,7.165224192,100,0,0,3,1246700,102.3792254,2.13933795,2.52368974686
496,19.88759726,100,0,0,2,245857,21.18498009,0.183536217,0.500547528267
497,27.21191834,0,0,0,1,196722,54.01896773,0.370754326,0.22702459991
498,8.373405898,0,0,0,1,752618,53.65967398,0.529689103,0.479060024023
499,9.371369008,0,0,0,1,752618,87.83302346,0.381489033,0.469397097826
500,9.119178654,0,0,0,1,752618,82.86919808,0.38410601,0.469581782818
501,5.44993528,100,0,0,2,1267000,19.26720113,0.548205088,1.67226970196
502,24.93497812,20,0,0,2,274200,38.51408641,0.449116048,0.411044120789
503,4.341668972,0,0,0,1,2381741,335.2690912,0.033739737,0.114367723465
504,5.964744975,200,0,0,2,1240192,45.61117598,0.271046856,2.08998584747
505,15.58723496,0,0,0,1,587041,20.14535569,0.36606004,0.439033865929
506,15.27386162,0,0,0,1,587041,19.60879502,0.492647044,0.43927153945
507,16.97986216,0,0,0,1,390757,66.9008065,0.25,0.323508441448
508,19.10320519,100,0,0,2,447400,116.1604376,0.053686001,0.517657220364
509,19.40357606,200,0,0,2,245857,19.55526596,0.179196897,0.993317246437
510,39.85394474,100,0,0,2,238533,70.57961572,0.472682826,0.726272940636
511,41.53717746,100,0,0,2,112622,40.09791859,0.18,0.620956659317
512,26.54079869,0,0,0,1,196722,44.78656719,0.355914297,0.23567032814
513,18.04005132,100,0,0,2,475440,61.68511416,0.423679823,0.711566865444
514,9.628185879,0,0,0,1,752618,85.85307416,0.369019691,0.469653189182
515,7.925971586,100,1,1,2,1267000,24.46901333,0.60408671,1.87585318089
516,20.85973147,100,0,0,2,245857,28.64896871,0.184622325,0.491854846478
517,69.02134107,50,0,0,2,147181,18.53383974,0.822765946,0.994968831539
518,25.4656428,0,0,0,1,783562,588.2048537,0.010866581,0.0438871346414
519,31.63569911,100,0,0,2,196722,46.91551225,0.362037538,0.56478536129
520,18.80124937,50,0,0,2,475440,60.62989094,0.467364088,0.544068455696
521,5.68133386,100,0,0,2,1267000,20.46123656,0.886626308,1.67333209515
522,24.72067558,0,0,0,1,783562,559.6858085,0.058811967,0.0616854391992
523,9.89029893,0,0,0,1,752618,92.2917542,0.365625233,0.469380438328
524,26.23040163,0,0,0,1,322463,78.04509303,0.463650729,0.270620673895
525,37.09146776,100,0,0,3,185180,61.13414827,0.050553689,1.90403294563
526,6.549420574,100,0,0,2,1240192,47.76513899,0.269400116,1.55156123638
527,10.15521819,0,0,0,1,752618,97.91508426,0.3,0.469006150961
528,4.250063084,67,0,0,2,1284000,27.10215388,0.358014058,1.4223536253
529,15.8395934,0,0,0,1,390757,62.30922835,0.254942968,0.326542288065
530,6.356431101,100,0,0,2,1240192,43.87167423,0.285144562,1.56324076653
531,13.58597413,0,0,0,1,799380,24.63427787,0.454280642,0.531195104122
532,6.744490369,100,0,0,2,1240192,48.96119444,0.259023785,1.55150294304
533,7.604573007,100,0,0,3,1267000,24.39611462,0.608794214,2.84993720055
534,26.13190274,15,0,0,2,580367,23.1303791,0.796878511,0.829872131348
535,38.31565444,0,0,0,1,238533,59.8645213,0.754008431,0.206933319569
536,12.70203512,0,0,0,1,1219090,414.1452227,0.094025166,0.15950897336
537,25.67342086,100,0,0,2,274200,40.86637373,0.446210232,0.598050534725
538,25.73610306,0,0,0,1,322463,68.44300006,0.474522502,0.275024026632
539,16.89525492,100,0,0,2,475440,43.47728738,0.405877573,0.746821701527
540,13.96123496,0,0,0,1,799380,22.38533897,0.324852256,0.535310029984
541,19.22584974,50,0,0,2,475440,49.87450321,0.464023422,0.596272826195
542,8.479829951,100,0,0,3,1246700,160.3607227,1.978991281,2.33383965492
543,6.16311426,100,0,0,2,1240192,43.17492446,0.287948677,1.5612102747
544,30.8242159,100,0,0,2,274200,32.63652373,0.32,0.744095206261
545,12.73354797,0,0,0,1,1219090,453.8866964,0.117148899,0.13896086812
546,18.04080929,100,0,0,2,527968,52.0957528,0.117964946,0.832245528698
547,40.75962236,100,0,0,2,238533,76.29999038,0.428794862,0.725306689739
548,19.18084556,0,0,0,1,947300,31.22308754,0.394424972,0.613671123981
549,26.76802265,10,0,0,2,580367,30.20273541,0.537369427,0.795742869377
550,7.900993794,100,0,0,3,637657,0.0,1.970479276,2.12604784966
551,7.424284912,100,0,0,3,1246700,106.602519,2.002301616,2.51442670822
552,30.09147338,100,0,0,2,274200,34.06192365,0.281264316,0.723376095295
553,19.78150639,0,0,0,1,947300,24.4326427,0.456791062,0.624670028687
554,57.49881347,15,0,0,2,241038,36.67008561,0.618210753,0.734851777554
555,59.44989587,0,0,0,1,241038,40.96791919,0.409006399,0.197914868593
556,26.40418673,168,0,0,2,274200,41.18892323,0.295731305,0.942764878273
557,27.17824216,156,0,0,2,274200,34.41863315,0.303678071,0.911828696728
558,24.78931226,100,0,0,2,322463,50.78175921,0.498351958,0.62769728899
559,15.91170293,0,0,0,1,587041,19.32827421,0.418475702,0.440234005451
560,25.66931781,8,0,0,2,783562,567.6311267,0.01049001,0.0379542075098
561,28.65572939,100,0,0,2,274200,42.2125761,0.295578303,0.659748494625
562,61.39624872,0,0,0,1,241038,48.25066973,0.61994365,0.177461221814
563,25.76949878,0,0,0,1,783562,578.9276111,0.05,0.0495230220258
564,7.590137957,100,0,0,2,644329,26.9942029,0.968908964,0.888004601002
565,18.58558429,0,0,0,1,947300,21.57059274,0.41269085,0.62370300293
566,4.508007788,100,0,0,3,1284000,26.41741253,0.855088088,2.78440070152
567,36.15941246,100,0,0,2,185180,54.33297291,0.49,0.607587575912
568,39.06133323,100,0,0,2,238533,56.67149658,0.610232476,0.759281754494
569,29.37551058,100,0,0,2,274200,35.19599866,0.287091616,0.702944219112
570,6.937635463,200,0,0,2,1240192,50.8612388,0.3,2.09284210205
571,27.25245067,100,0,0,2,322463,78.1680569,0.366905125,0.586140871048
572,25.25492537,100,0,0,2,322463,56.53290777,0.698208418,0.617789685726
573,28.76114009,200,0,0,2,196722,46.12801624,0.336527291,1.02078294754
574,25.77194657,10,0,0,2,783562,576.7516119,0.050394414,0.0364313088357
575,5.223710339,100,0,0,2,1267000,17.86071119,0.576093015,1.67220330238
576,8.087420039,100,0,0,2,637657,0.0,2.83,0.983478188515
577,6.704996054,200,0,0,2,1267000,25.19986153,0.671305345,2.20638942719
578,9.030308815,100,0,0,2,1246700,225.7365925,1.939361289,1.07253885269
579,12.82009614,0,0,0,1,1219090,441.23856,0.112876661,0.146405398846
580,27.92676149,100,0,0,2,274200,35.8513692,0.288633428,0.667998671532
581,7.839706113,100,0,0,2,644329,30.04834312,0.396424286,0.883015394211
582,12.68627091,0,0,0,1,1219090,419.2904642,0.087519939,0.158021003008
583,0.983474303,100,0,0,2,824292,279.6648575,0.31519537,0.344360411167
584,14.35475494,100,0,0,1,799380,32.88981437,0.331429887,0.325825691223
585,15.49626085,0,0,0,1,799380,41.99657338,0.28890197,0.517750740051
586,8.278379524,100,0,0,2,644329,43.26961409,1.0,0.84709072113
587,7.321298591,100,0,0,3,644329,26.19331276,1.052564187,2.02863740921
588,12.89703631,0,0,0,1,1219090,486.7066269,0.17306839,0.118652194738
589,25.89803042,0,0,0,1,438317,55.48573263,0.178879017,0.332742363214
590,28.13683238,0,0,0,1,580367,36.60045187,0.689349976,0.427642196417
591,8.757631347,200,0,0,3,1246700,168.0272174,1.968080746,3.03537249565
592,15.85598339,0,0,0,1,799380,45.46903248,0.276011836,0.514797031879
593,16.23251357,0,0,0,2,587041,15.37880832,0.420671831,0.722701370716
594,15.1247767,0,0,0,1,799380,34.44457522,0.306931222,0.524696111679
595,8.060053172,100,0,0,2,644329,36.05801174,1.034094496,0.867457509041
596,9.298906714,100,0,0,2,1246700,179.3578537,1.379761153,1.17214214802
597,26.73489982,100,0,0,2,322463,79.09834668,0.455685588,0.571926474571
598,7.938970081,100,0,0,2,1246700,160.8354779,2.045627892,1.19372081757
599,21.94719604,0,0,0,1,676578,21.70607915,0.449056154,0.493735492229
600,19.64976864,88,0,0,2,475440,53.03231424,0.459347894,0.727352797985
601,7.293661405,100,0,0,2,1267000,20.7793519,0.638372885,1.71321427822
602,14.74323476,0,0,0,1,799380,32.38126824,0.312561577,0.525932312012
603,22.69286764,0,0,0,1,676578,4.74102736,0.769514114,0.522962093353
604,42.72815082,100,0,0,2,238533,84.52763507,0.39229745,0.739604413509
605,68.67620821,100,0,0,2,147181,24.55968278,0.743722691,1.26795148849
606,6.167160221,100,0,0,2,1267000,24.03162107,0.855108257,1.6712385416
607,12.93798571,0,0,0,1,1219090,618.350112,0.269320489,0.0364970229566
608,4.378487539,100,0,0,2,1284000,26.5836599,0.821877179,1.63367605209
609,5.919825572,98,0,0,2,1267000,24.20611728,0.823794987,1.65081846714
610,1.23238664,0,0,0,1,17098242,490.0229406,0.229559081,6.7045006752
611,29.90213141,100,0,0,2,322463,90.2246878,0.311615997,0.602245986462
612,1.27358567,0,0,0,1,17098242,276.9126234,0.156737645,7.48122167587
613,6.424608524,100,0,0,2,1267000,22.32965392,0.650213827,1.68474125862
614,7.681925082,100,0,0,3,1246700,163.1160505,2.01429876,2.30444288254
615,6.335840428,100,0,0,3,637657,0.0,0.558107453,2.08968353271
616,68.86329757,100,0,0,2,147181,19.85499235,0.781303963,1.28789412975
617,20.39725008,0,0,0,1,947300,26.94161235,0.437985877,0.623782515526
618,18.70699171,100,0,0,2,527968,65.91392692,0.109158073,0.800271213055
619,8.262825572,200,0,0,2,1267000,24.89688521,0.61,2.23918271065
620,44.60488067,0,0,0,1,238533,58.13685964,0.369423675,0.1968139112
621,63.35151304,20,0,0,3,241038,52.68008919,0.578933887,1.92809379101
622,6.994078927,121,0,0,2,1267000,23.16416045,0.634836642,1.83530950546
623,30.52133113,100,0,0,2,322463,92.63601398,0.25,0.608151972294
624,43.69984447,100,0,0,2,238533,57.89263246,0.379294815,0.845117926598
625,18.48414866,0,0,0,1,527968,69.6851483,0.111163821,0.376350462437
626,8.404381128,100,0,0,3,1861484,112.6487078,0.589509655,3.19268989563
627,19.24842415,100,0,0,2,527968,64.65160379,0.118642535,0.816665172577
628,22.16015744,0,0,0,1,676578,20.28780579,0.482538414,0.496488779783
629,18.27078346,0,0,0,1,527968,58.08815663,0.114300701,0.378797292709
630,27.43561919,30,0,0,3,580367,34.9858061,0.685384394,1.95621407032
631,5.077577103,100,0,0,3,1284000,37.10492956,0.81924336,2.75891685486
632,29.35721928,100,0,0,2,322463,88.37029761,0.335243535,0.596731007099
633,63.28089903,0,0,0,2,147181,41.70218806,0.49360362,0.575898766518
634,8.196003048,108,0,0,3,1246700,131.7962109,1.642808409,2.50225400925
635,16.5534639,0,0,0,1,587041,19.20267152,0.426656311,0.441072851419
636,26.49430435,0,0,0,1,438317,59.32829852,0.161565452,0.3308840096
637,9.847597658,100,0,0,2,1246700,193.3155525,0.9,1.15000736713
638,22.33913311,0,0,0,1,676578,17.93361636,0.525566332,0.500627875328
639,28.28118575,100,0,0,2,322463,78.7182038,0.377033363,0.606332600117
640,8.520877966,100,0,0,2,1861484,119.3781131,0.57993519,1.92963123322
641,22.7731348,40,0,0,2,676578,5.36003275,0.665198298,1.08051645756
642,7.593838035,100,0,0,3,1861484,54.17337061,2.747877754,3.40092277527
643,28.6445358,0,0,0,1,438317,146.7602906,0.145763905,0.300636261702
644,22.80951494,100,0,0,2,676578,6.93670065,0.582425528,1.36392784119
645,1.248218793,0,0,0,1,17098242,367.6760145,0.124228182,7.12508916855
646,22.77591941,39,0,0,2,676578,15.24817471,0.285008033,1.04159092903
647,9.563713002,50,0,0,2,1246700,183.0623289,1.861241901,0.718900203705
648,22.4444706,100,0,0,2,947300,40.72677825,0.484386833,1.64658463001
649,22.62901247,0,0,0,2,676578,19.07431371,0.503482729,0.854517996311
650,4.794707165,100,0,0,3,1284000,29.18358859,0.876572052,2.78128528595
651,29.60844604,50,0,0,2,580367,39.41334629,0.520404262,1.01190268993
652,7.736356693,126,0,0,3,637657,0.0,1.054638196,2.30794477463
653,16.88091632,0,0,0,1,587041,13.67082999,0.41680729,0.44759452343
654,68.46999952,75,0,0,2,147181,28.58463504,0.680407,1.12739789486
655,18.95188155,100,0,0,2,527968,67.74874258,0.102882447,0.799913525581
656,27.15344374,0,0,0,1,438317,97.29871306,0.159119928,0.315132707357
657,13.08570245,0,0,0,1,1219090,601.3723752,0.277250105,0.0459133945405
658,27.87216786,0,0,0,1,438317,146.5917226,0.147856065,0.303166627884
659,5.21707866,100,0,0,2,1284000,39.20918349,1.159943239,1.60382413864
660,16.23758413,0,0,0,1,799380,50.08577118,0.24,0.510665595531
661,8.754542075,65,0,0,2,1861484,133.8184781,1.3150958,1.53361403942
662,67.34446021,50,0,0,2,241038,65.3348763,0.441069049,0.960963845253
663,8.636377213,100,0,0,2,1861484,129.8438771,1.361628646,1.89167571068
664,13.04426991,0,0,0,1,1219090,686.9412202,0.280843485,0.00201239809394
665,32.17233646,0,0,0,1,438317,339.3530245,0.066727438,0.131142228842
666,13.11424177,0,0,0,1,1219090,570.2060736,0.272015423,0.0642187297344
667,13.08150998,0,0,0,1,1219090,661.4339652,0.273845868,0.014072176069
668,62.31782635,80,0,0,2,147181,42.25072774,0.49,0.996164083481
669,68.21578193,100,0,0,2,147181,30.69813693,0.812254864,1.23785150051
670,28.81653399,100,0,0,2,322463,84.07703434,0.361944693,0.599094033241
671,22.48877144,100,0,0,1,676578,23.66903777,1.065735198,0.298551380634
672,45.59117606,0,0,0,1,238533,55.64830842,0.3,0.198145627975
673,28.8643479,35,0,0,2,580367,39.2894476,0.680672407,0.911812067032
674,21.69299031,0,0,0,2,676578,22.99766004,0.6,0.83278131485
675,31.24776589,0,0,0,1,438317,294.1566531,0.0699014,0.144159525633
676,4.651911215,100,0,0,3,1284000,31.32111874,0.90810136,2.76977372169
677,22.79687782,0,0,0,1,676578,13.19643897,0.889789469,0.508663415909
678,19.55171904,100,0,0,2,527968,73.90669273,0.123351969,0.793823003769
679,20.07056201,100,0,0,2,475440,57.1497078,0.462433863,0.772698283195
680,71.53245131,100,0,0,2,241038,52.79119205,0.432980741,1.41181766987
681,5.369158879,100,0,0,2,1284000,41.76753768,1.5,1.59732425213
682,64.15910342,0,0,0,2,147181,39.86817954,0.506554815,0.589857399464
683,29.47822923,0,0,0,1,438317,144.978329,0.139269732,0.29859444499
684,69.43632539,100,0,0,2,241038,57.95094404,0.419946237,1.35538184643
685,73.63714435,35,0,0,2,241038,52.03034883,0.436434976,0.957577943802
686,7.749628254,100,0,0,3,1861484,83.46598036,3.830865819,3.28900575638
687,21.04266336,0,0,0,1,947300,25.67596588,0.638625712,0.627985358238
688,4.936668224,100,0,0,3,1284000,33.66517607,0.862817112,2.76817893982
689,7.424899704,100,0,0,3,1861484,34.93542591,2.702422993,3.47259545326
690,21.72326824,10,0,0,2,947300,36.09241915,0.503378368,1.07519185543
691,13.23692262,0,0,0,1,1219090,580.6171331,0.2,0.0576972030103
692,8.887532743,50,0,0,2,1861484,136.7873517,1.65,1.37235546112
693,27.75768073,100,0,0,2,322463,79.09238797,0.399892712,0.593779802322
694,22.8112398,51,0,0,1,676578,9.82697082,0.984745309,0.402605235577
695,34.05597319,100,0,0,3,438317,321.0531965,0.098256739,1.32263696194
696,17.21927429,0,0,0,1,587041,12.48323698,0.411078244,0.449811577797
697,30.34857877,0,0,0,1,438317,164.0513499,0.078513048,0.276645690203
698,13.19433184,0,0,0,1,1219090,586.9059629,0.26991454,0.0541260205209
699,20.46273638,100,0,0,2,527968,82.7415741,0.16946815,0.785756111145
700,7.893928715,100,0,0,3,1861484,114.6849004,2.344879903,3.17219233513
701,7.595155389,107,0,0,2,637657,0.0,0.488269084,1.00718700886
702,33.92163924,100,9,178,2,580367,94.5709472,0.4,4.3970990181
703,8.284300053,100,0,0,3,1861484,94.92842735,0.65125694,3.25799655914
704,67.07594051,100,0,0,2,147181,45.72228723,0.437412384,1.1646194458
705,30.34955468,117,0,0,2,580367,52.98809604,0.518405119,1.26068341732
706,65.13367215,100,0,0,2,147181,37.18347407,0.539984096,1.1571906805
707,20.16649115,100,0,0,3,527968,79.93696624,0.120098747,1.95702826977
708,4.893479182,0,0,0,1,2381741,425.2537306,0.03,0.125370234251
709,75.75127988,100,0,0,2,241038,52.29424027,0.421265258,1.4909965992
710,5.005590643,100,0,0,2,342000,67.71205555,0.135051368,0.216925889254
711,33.11507425,100,0,0,3,438317,292.0043788,0.067255551,1.41448020935
712,23.1976755,0,0,0,1,947300,45.64167972,0.479005722,0.603669881821
713,77.87539309,50,0,0,2,241038,52.81651599,0.410365886,1.12407910824
714,67.87851693,100,0,0,2,147181,38.95948969,0.900483704,1.20267307758
715,35.01347198,100,0,0,2,438317,356.26817,0.25,0.279459118843
716,65.33298069,100,0,0,2,241038,49.68286165,0.557141461,1.30579721928
717,19.86049154,100,0,0,2,527968,78.52249036,0.118903435,0.786177039146
718,20.87870604,100,0,0,3,475440,58.57243636,0.42299218,1.98028028011
719,8.029831038,100,0,0,2,1861484,109.970872,3.498783836,1.95512247086
720,33.25352751,66,9,161,2,580367,85.37801372,0.459928694,4.00848913193
721,66.14194767,100,0,0,2,147181,38.41344055,0.541471523,1.17186653614
722,31.84090412,35,3,8,2,580367,69.99987383,0.500126236,1.35609996319
723,23.97274992,0,0,0,1,947300,49.17452487,0.476609031,0.598670244217
724,18.82288609,200,0,0,2,143100,44.95927823,0.938620044,0.769680023193
725,20.76641009,100,0,0,2,527968,85.74014041,0.97,0.782280921936
726,80.04132129,100,0,0,2,241038,50.31284393,0.45,1.57395279408
727,31.09740388,100,0,0,2,580367,65.05859332,0.512010335,1.18169045448
728,8.158528894,100,0,0,3,1861484,118.9741098,3.141092993,3.16219687462
729,32.56362612,100,4,38,2,580367,77.69658603,0.478827854,2.22694778442
730,11.33196072,0,0,0,1,1648195,344.7339931,0.029984395,0.161754518747
731,17.58820934,0,0,0,2,587041,10.95081324,0.71,0.749381959438
732,24.74900032,0,0,0,1,947300,51.71747631,0.451529695,0.595296621323
733,25.5124364,0,0,0,1,947300,56.9257784,0.430787734,0.587654769421
734,32.76816898,100,0,0,3,1104300,8.65132225,7.610742289,3.38683795929
735,17.80437116,100,0,0,2,652230,21.89580296,2.875303605,1.15255248547
736,20.48166751,118,0,0,3,475440,58.6522027,0.440450256,2.09932088852
737,24.75804483,100,0,0,2,1001450,63.80857754,0.578109475,1.68296658993
738,21.30237254,100,0,0,2,475440,58.16094545,0.55,0.796917080879
739,33.46724894,100,0,0,3,1104300,11.20782555,8.014555313,3.39466762543
740,17.77849226,100,0,0,2,527968,42.53610453,0.122019844,0.859025835991
741,32.031745,100,0,0,3,1104300,6.78994895,7.342937914,3.37452363968
742,24.92842678,100,0,0,2,1001450,74.01172409,0.534342201,1.64715707302
743,26.28523171,0,0,0,1,947300,61.09245025,0.4,0.582169055939
744,18.4162964,100,0,0,2,652230,22.18140928,3.34587941,1.16585052013
745,29.50271906,100,0,0,2,1001450,177.7683606,0.406448947,1.35291683674
746,34.70589695,31,0,0,2,1104300,14.83285372,6.824588398,1.70430958271
747,28.5632403,18,0,0,2,1001450,159.1105681,0.416490693,0.746296286583
748,27.58568875,0,0,0,1,1001450,160.7647657,0.411735405,0.401232659817
749,26.74918269,14,0,0,2,1001450,139.0024401,0.396597196,0.794577002525
750,35.71392919,100,0,0,2,1104300,22.20933287,4.311993144,2.24481010437
751,30.30040142,33,0,0,2,1001450,189.9124772,0.393526379,0.716909646988
752,37.7053337,100,0,0,2,1104300,30.61604476,3.2,2.2637860775
753,22.32191884,200,0,0,2,245857,35.97815131,0.41,1.00299715996
754,25.09219032,0,0,0,1,1001450,84.30810186,0.494599725,0.568120896816
755,31.23770533,100,1,1,2,1001450,202.7944931,0.33,1.47571408749
756,34.11629449,30,0,0,3,1104300,13.42946544,7.286269219,2.85217046738
757,35.23862628,102,0,0,2,1104300,20.98433993,4.551235555,2.24772548676
758,25.30451246,0,0,0,1,1001450,100.6032567,0.460745621,0.539093613625
759,18.9596492,100,0,0,2,652230,26.98894729,2.635423879,1.15987348557
760,25.64640371,100,0,0,2,1001450,117.0477779,0.445009643,1.49631690979
761,26.16488991,0,0,0,1,1001450,125.5023976,0.403403858,0.496723115444
762,36.55985058,100,0,0,2,1104300,25.0417972,3.882121087,2.25552582741
763,36.1535724,50,0,0,2,1104300,26.41542192,4.125341233,1.89020097256
764,37.29761206,66,0,0,3,1104300,29.01076062,3.252284138,3.13542938232
765,36.938744,100,0,0,3,1104300,26.64777614,2.959761321,3.41798686981
766,11.15849403,50,0,0,2,2344858,6.70779502,3.934993109,2.38548851013
767,19.45238796,100,0,0,2,652230,33.80518937,5.612783009,1.14408791065
768,37.66941497,0,0,0,2,1904569,110.6767489,0.65,1.49693286419
769,332.8494701,100,0,0,2,143998,28.15857423,1.293354601,4.10518407822
770,329.2291976,0,0,0,1,143998,33.03573422,1.137976608,1.75489795208
771,37.44971645,0,0,0,1,1904569,106.5059793,0.831026867,0.707480192184
772,327.3101015,0,0,0,1,143998,35.01540506,0.85,1.73059797287
773,342.1745024,0,0,0,2,143998,12.43576137,1.562800341,3.15472221375
774,19.92551554,100,0,0,2,652230,43.52543981,3.215995704,1.11742091179
775,331.1554813,0,0,0,1,143998,30.83346991,1.211938279,1.77996337414
776,339.3688246,0,0,0,1,143998,19.82214837,1.422873093,1.89191782475
777,35.56370916,100,0,0,2,1904569,46.19701995,2.494173042,2.87991166115
778,338.2743927,100,0,0,2,143998,23.13738001,1.346510424,4.1741809845
779,35.69168615,0,0,0,1,1904569,57.65031451,2.150459572,0.904598712921
780,334.4362908,100,0,0,2,143998,25.58110909,1.428929557,4.12898683548
781,20.4023596,100,0,0,2,652230,52.8857608,3.013670317,1.09350192547
782,336.1871623,100,0,0,2,143998,25.40782617,1.392805463,4.14639806747
783,342.2275657,100,0,0,2,143998,13.50854518,1.440579613,4.24455308914
784,11.53979601,45,0,0,2,2344858,8.35595561,3.712240199,2.33588171005
785,12.67838991,40,0,0,2,2344858,16.05641988,3.514935678,2.26497101784
786,36.64364746,0,0,0,1,1904569,85.65213133,1.517751974,0.790950119495
787,35.91465471,0,0,0,1,1904569,60.82888938,1.659748691,0.892114043236
788,36.75704582,0,0,0,1,1904569,98.96610041,0.972290564,0.735127449036
789,36.23865504,0,0,0,1,1904569,63.93225832,1.595571307,0.880581974983
790,37.38562215,0,0,0,1,1904569,99.41035911,0.87058436,0.736434459686
791,340.546834,100,0,0,2,143998,17.59674697,1.489504805,4.2146320343
792,15.59540066,100,0,0,2,2344858,21.06703569,2.7,2.87916088104
793,21.17025436,100,0,0,2,652230,58.16803071,2.34423581,1.09289300442
794,14.74150162,50,0,0,2,2344858,19.0536902,2.356750251,2.38827800751
795,20.80437576,100,0,0,2,652230,52.38254929,2.56497513,1.10509681702
796,341.6090223,100,0,0,3,143998,15.2414902,1.326686106,5.53663063049
797,13.90554353,100,0,0,3,2344858,14.71114279,2.637847823,4.21900892258
798,21.4914662,112,3,10,2,652230,53.36597308,4.667842694,1.80336821079
799,35.52937961,80,0,0,2,1904569,35.24583569,0.840820162,2.73369455338
800,36.97280487,0,0,0,1,1904569,107.2363769,0.93669681,0.701181590557
801,37.21403583,0,0,0,1,1904569,106.0215546,0.919236088,0.708078861237
802,12.29558037,45,0,0,3,2344858,13.85171454,3.242003459,3.62908315659
803,14.32458213,100,0,0,2,2344858,16.07942622,2.541316836,2.87703180313
804,11.91752678,25,0,0,3,2344858,9.87487932,3.397636289,3.42485046387
805,15.15540643,50,0,0,2,2344858,19.65314426,2.254715991,2.39301967621
806,13.06720322,87,0,0,3,2344858,12.58368712,2.722472499,4.07812738419
807,13.48626143,115,0,0,3,2344858,12.38158278,2.707920193,4.35566091537
808,21.75854683,112,12,97,2,652230,56.57452735,6.854007757,4.30679273605
809,21.9636202,100,14,148,2,652230,59.18434486,5.45482457,4.98283720016
810,22.16242736,100,15,218,2,652230,60.44406167,6.42,5.78811645508
811,73.54065909,100,0,0,2,796095,22.36315738,2.203407512,2.63556623459
812,69.75272255,100,0,0,2,923768,81.36762333,13.18890741,2.61192107201
813,74.00615756,100,0,0,2,796095,29.62585468,2.87701448,2.62490534782
814,74.69469724,100,0,0,2,796095,31.93098328,2.182685351,2.6304628849
815,80.63163442,100,23,321,2,796095,33.63909619,6.056331686,8.85978794098
816,65.85123105,100,0,0,2,923768,53.08567883,12.02177178,2.63395261765
817,79.56358475,100,23,239,2,796095,33.4661349,3.280876784,8.0758562088
818,76.41549438,100,8,45,2,796095,28.51186552,3.086698876,3.79248762131
819,67.7969566,100,0,0,2,923768,61.01491269,14.13262262,2.65023851395
820,75.53855633,100,0,0,2,796095,30.19104652,2.263446885,2.64866447449
821,81.79312142,150,32,372,2,796095,36.15485065,5.281326002,11.2497615814
822,77.27426249,100,18,156,2,796095,30.95275635,3.577107901,6.51294374466
823,73.74751994,100,0,0,2,923768,74.36452452,11.93765682,2.71497511864
824,71.73178439,100,0,0,2,923768,88.52018851,14.65096039,2.61993551254
825,78.47202156,100,17,204,2,796095,36.65905548,3.349497342,6.77033758163
826,83.08341592,128,33,442,2,796095,37.68344768,7.371831192,11.9061355591
827,75.80307285,100,0,0,2,923768,80.34139448,12.20873115,2.71396541595
828,78.02078877,128,3,24,2,923768,93.22631449,11.71354429,3.2817709446
829,80.26129288,100,12,128,2,923768,90.38961745,13.48692097,5.20270490646
830,84.49242867,100,58,585,2,796095,39.02958594,5.59,16.8451766968
831,82.49355574,100,21,318,2,923768,110.3712029,15.45917382,8.41000080109
832,84.67035013,100,35,490,2,923768,117.520545,15.16190177,12.3220081329
833,86.76326199,100,41,543,2,923768,126.151749,15.85898569,13.7551794052
834,88.9736384,100,56,866,2,923768,135.31382,17.0,19.5456485748
835,114.1274416,100,0,0,2,3287263,31.33998843,9.984806823,5.26368045807
836,114.6328721,100,0,0,2,3287263,34.64005687,7.747844217,5.25638103485
837,115.0587857,100,0,0,2,3287263,43.21204716,9.674950666,5.22245359421
838,115.395986,100,0,0,2,3287263,46.91282666,13.46033906,5.21042442322
839,114.4985966,100,9,14,2,3287263,84.58051997,7.2,5.64680433273
840,114.8149372,100,0,0,2,3287263,80.34781609,7.294821577,5.02972173691
841,115.6135378,100,0,0,2,3287263,48.22854553,13.21171741,5.20782232285
842,115.1081876,100,0,0,2,3287263,74.99460433,7.871473751,5.06288576126
843,115.3991734,100,0,0,2,3287263,68.53283666,8.511910191,5.10151910782
844,115.6901495,100,0,0,2,3287263,59.18429667,12.57937513,5.15479898453
845,115.7473905,100,0,0,2,3287263,65.70508993,11.31333356,5.12257146835
846,115.6366555,100,0,0,2,3287263,64.92645947,14.54433645,5.12444829941
